{
  "BLEU-1": 0.4929334812318673,
  "BLEU-2": 0.3009125612676718,
  "BLEU-3": 0.16804903715218658,
  "BLEU-4": 0.10595711707906673
}