{
  "BLEU-1": 0.5718291986169314,
  "BLEU-2": 0.390052796150056,
  "BLEU-3": 0.26248841232616166,
  "BLEU-4": 0.17613965776204973
}