{
  "BLEU-1": 0.610316314797587,
  "BLEU-2": 0.4317617339204686,
  "BLEU-3": 0.28851416170817407,
  "BLEU-4": 0.1954605283444219
}